unique_id,rmse,mae
M3M_0001,47.94993,41.38969802856445
M3M_0002,32.721478,29.265527725219727
M3M_0003,43.403736,38.36066818237305
