unique_id,rmse,mae,y_true,y_pred
M3M_0001,47.94993,41.38969802856445,[ 72. 135. 194. 174. 145. 132. 161. 131. 188.  62.  67. 123.],"[110.259766 109.74812  109.73357  111.338486 113.94058  116.36789
 118.14145  119.84528  121.14438  122.755905 122.91306  120.99261 ]"
M3M_0002,32.721478,29.265527725219727,[168. 166. 128.  99. 110.  84. 108. 108.  89. 173. 127.  83.],"[127.76024  129.84465  131.97464  133.18509  132.23099  130.44604
 127.686165 124.989845 122.79989  120.27932  120.21409  120.972   ]"
M3M_0003,43.403736,38.36066818237305,[101. 137.  68.  65. 149. 182. 112.  61. 169. 164.  75. 126.],"[114.18955  112.890274 114.46796  111.08263  107.317215 109.98911
 115.31784  115.82939  112.13266  116.0391   119.88153  117.07253 ]"
